jugador;partidos_amonestado
Aaron Appindangoyé;1
Aaron Herrera;2
Aaron Hickey;1
Abbas Al-Asfoor;1
Abbas Hüseynov;1
Abbosbek Fayzullaev;1
Abdel Rahim;1
Abdelaziz Hatem;1
Abderazak Hamdallah;1
Abdiel Ayarza;1
Abdoul Rachid Moumini;2
Abdoul-Latif Djibril Goumey;1
Abdoulaye Boureima Katkoré;1
Abdul Ayinde;1
Abdul Rahman Oues;1
Abdul Suleiman Sopu;1
Abdulai Koulibaly;1
Abdulakh Khaybulaev;2
Abdulay Juma Bah;1
Abdulelah Al-Malki;1
Abdulla Al Yusuf;1
Abdulla Al-Khalasi;1
Abdullah Al-Hamdan;1
Abdullah Al-Khaibari;2
Abdullah Madu;1
Abdulrahman Al Sanbi;1
Abdulrahman Alobud;1
Abdulrahman Saleh Khamis;1
Abdulsamed Ahmed Abdullahi;1
Abdulwahab Awadi;1
Abduselam Yusuf;1
Abdülkadir Ömür;1
Abdülkerim Bardakcı;8
Aboubacar Bangoura;1
Aboubakar Kamara;1
Aboud Omar;1
Abu Dumbuya;2
Abubakr Barry;2
Abzal Beysebekov;1
Adalberto Carrasquilla;4
Adalid Terrazas;1
Adam Gnezda Čerin;5
Adam Idah;1
Adam Ounas;2
Adam Overend;1
Adam Wharton;1
Adamo Nagalo;1
Adamou Ibrahim Djibo;1
Adel Langue;1
Adem Arous;1
Adem Zorgane;2
Ademola Lookman;3
Aden McCarthy;1
Adjeil Neves;1
Adrian Leon Barišić;3
Adrian Șut;1
Adrien Botlar;1
Adrien Rabiot;5
Adrián Gomes;1
Affane Saïd Djambae;2
Aguinaldo Matias;1
Agustín Canobbio;1
Agustín Sández;1
Ahed Al-Mashaiki;1
Ahmad Al Dhefiri;1
Ahmed Al Riyami;1
Ahmed Al-Ganehi;2
Ahmed Al-Kassar;1
Ahmed Al-Khamisi;1
Ahmed Alaaeldin;1
Ahmed Basil;1
Ahmed Eid;1
Ahmed Fathi;3
Ahmed Fatouh;1
Ahmed Hasan Maknazi;1
Ahmed Hegazy;1
Ahmed Saad;1
Ahmed Saleh;1
Ahmed Soilihi;1
Ahmed Yousif Tabanja;1
Aidan Morris;1
Aiden O'Neill;2
Aimar Sher;2
Aiyegun Tosin;1
Akmal Mozgovoy;1
Akram Afif;2
Alaeddine Zouhir;1
Alan;1
Alan Franco;3
Alan Mozo;1
Albert Grønbæk;1
Alberto Riccardi;2
Albian Hajdari;2
Aldo Corzo;1
Alee Tneich 'Sisi';1
Alejandro Bran;1
Aleksa Terzić;2
Aleksandar Mitrović;3
Aleksandr Marochkin;1
Aleksejs Saveljevs;2
Aleksey Batrakov;2
Alessandro Bastoni;5
Alessandro Buongiorno;1
Alessandro Circati;2
Alessandro Golinucci;1
Alessandro Tosi;2
Alessio Curci;1
Alessio Hasler;1
Alex Baena;2
Alex Matthias Tamm;1
Alex Moussounda;1
Alex Rufer;2
Alex Valera;1
Alex Zendejas;3
Alexander Bah;1
Alexander Bernhardsson;1
Alexander Djiku;1
Alexander González;1
Alexander Isak;2
Alexander Prass;2
Alexander Satariano;3
Alexander Schlager;2
Alexander Sørloth;1
Alexis Gamboa;2
Alexis Mac Allister;3
Alexis Saelemaekers;1
Alexis Sánchez;2
Alexis Vega;2
Alfeus Leevi;1
Alfons Amade;1
Alford Velaphi;1
Alhassane Bangoura;1
Ali Abdi;2
Ali Al Busaidi;2
Ali Al-Bulaihi;1
Ali Alipour;1
Ali Faez Atiyah;1
Ali Lajami;1
Ali Madan;1
Ali Majrashi;3
Ali McCann;1
Ali Reza Panahi;2
Ali Saleh;1
Alibek Davronov;1
Alibek Kasym;1
Alidu Seidu;1
Alimardon Shukurov;1
Aliou Balde;1
Aliou Dieng;4
Alireza Beiranvand;1
Alireza Jahanbakhsh;3
Alistair Johnston;4
Allen Yanes;1
Ally Samatta;1
Almahdi Ali;1
Almoez Ali;1
Alonso Martínez;1
Alpha Turay;1
Alphonce Msanga;1
Alphonso Davies;2
Altay Bayındır;2
Altayeb Abaker;2
Aly Abeid;1
Aly-Enzo Hamon;1
Amable Pinzón;1
Amad Diallo;2
Amadou Onana;1
Amar Dedić;2
Amar Haïdara;1
Amar Memić;1
Amas Obasogie;1
Ameed Sawafta;2
Amer Jamous;2
Amid Mahajna;2
Amine Benadi;3
Amine Gouiri;1
Amine Hiver;1
Amine Zouhzouh;1
Amir Al-Ammari;1
Amir Murillo;1
Amir Rrahmani;1
Amjad Al-Harthi;2
Amjad Attwan;2
Ammar Taifour;2
Anan Yodsangwal;1
Anderson Correia;1
Anderson Santamaría;1
Andi Zeqiri;1
Andraž Šporar;1
Andre Rampersad;1
Andrea Cambiaso;1
Andrea Contadini;1
Andreas Bouchalakis;1
Andreas Christensen;1
Andreas Hanche Olsen;1
Andreas Pereira;1
Andrei Burcă;2
Andrej Kramarić;1
Andrejs Cigaņiks;1
Andrew Mbeba;1
Andrew Teuten;1
Andrey Mostovoy;1
Andri Guðjohnsen;2
Andrian Kraev;1
Andrias Edmundsson;1
Andrija Bulatovic;2
Andrija Vukčević;1
Andrija Živković;2
András Schäfer;2
André;2
André Carrillo;1
André Poko;1
Andrés Andrade;1
Andrés Cubas;5
Andrés Román;1
Andy Najar;1
Andy Robertson;1
Anfernee Jamal Dijksteel;1
Ange-Freddy Plumain;1
Angel Arthee;1
Angelo Stiller;1
Anicet Ishimwe;1
Anis Hadj Moussa;4
Anseani Pohe Tokpa;1
Ante Budimir;3
Anthony Baron;1
Anthony Caceres;1
Anthony Gordon;1
Anthony Moris;1
Antoine Conte;1
Antoine Griezmann;2
Antoine Mendy;1
Anton Kryvotsiuk;3
Anton Miranchuk;1
Anton Salétros;1
Antonee Robinson;2
Antonijs Černomordijs;2
Antonio Rüdiger;5
Antonín Barák;1
Antreas Shikkis;2
Anujan Rajendram;1
Anzor Mekvabishvili;2
Aníbal Godoy;4
Ao Tanaka;1
Aprocious Petrus;1
Arda Güler;5
Aref Aghasi;2
Aria Yousefi;2
Ariel Arauz;1
Arijanet Murić;2
Arjan Malić;1
Arlind Ajeti;1
Armando Obispo;1
Armin Gigović;2
Aron Rodrigo;1
Arshad Al-Alawi;1
Artem Bondarenko;1
Artemijus Tutyškinas;1
Arthur Avom Ebong;2
Arthur Gitego;1
Arthur Masuaku;3
Arthur Theate;2
Artur Crăciun;1
Artur Dolznikov;2
Arturo González;1
Arturo Vidal;2
Ashique Kuruniyan;1
Athir Abdo Gaber;1
Attila Fiola;3
Attila Osváth;1
Attila Szalai;3
Aubrey Modiba;2
Augustus Kargbo;1
Aurèle Amenda;2
Aurélien Tchouaméni;4
Austin Harrison Uzondu;1
Ayase Ueda;1
Aymen Al Tihar;1
Aymen Dahmen;1
Aymeric Laporte;1
Ayoub Ghezala;1
Ayoub Mouloua;1
Ayoze Pérez;2
Ayumu Seko;1
Aziz Kayondo;2
Azwan Ali Rahman;1
Azzedine Ounahi;2
Baba Alhassan;1
Babacar Niasse;1
Bagdat Kairov;2
Baghdad Bounedjah;3
Bahlul Mustafazada;1
Baihelamu Abuduwaili;4
Bailey Cadamarteri;1
Bakari Mwamnyeto;2
Bakhit Khamis;1
Baktiyor Zaynutdinov;2
Barna Tóth;1
Barnabás Varga;6
Bartosz Salamon;1
Bartosz Slisz;3
Barış Alper Yılmaz;4
Bassam Al Rawi;2
Bathusi Aubaas;1
Beknaz Almazbekov;1
Beksulov Arlen;1
Ben Brereton Díaz;1
Ben Davies;2
Ben Gannon-Doak;1
Ben White;1
Bendegúz Bolla;1
Beneyam Demte;1
Benjamin Cremaschi;1
Benjamin Donato;1
Benjamin Kuscevic;2
Benjamin Källman;2
Benjamin Old;1
Benjamin Tahirović;4
Benson Sakala;1
Beranger Itoua;2
Berat Djimsiti;1
Bereket Waza;1
Bernardo Silva;2
Bertuğ Yıldırım;1
Besfort Zeneli;1
Beto;1
Beyatt Lekoueiry;2
Biel Borra Font;1
Bilal Boukerchaoui;1
Bilal El Khannouss;1
Billy Gilmour;1
Bin Xu;1
Binyam Belay;1
Bo-Wei Kuo;1
Bobby De Cordova-Reid;2
Bodda Mouhsine;2
Bogdan Mykhaylichenko;1
Bogdan Racovițan;1
Bojan Ilievski;2
Bongwa Owa Matsebula;1
Bono;1
Borna Barišić;1
Boubacar Goumey;1
Bouchaib Arrassi;2
Boulaye Dia;1
Brad Pirioua;1
Brahim Díaz;1
Brandon Comley;1
Brandon Labrosse;1
Brayan Cortés;1
Brayan Gil;2
Brayan Landaverde;1
Brayan Vera;1
Breel Embolo;2
Bremer;1
Brendan Galloway;1
Brennan Johnson;3
Brian Rodríguez;1
Brudel Okana;1
Bruno Ecuele Manga;1
Bruno Fernandes;4
Bruno Guimarães;5
Bruno Langa;1
Bruno Miranda;1
Bruno Oliveira;1
Bruno Petković;2
Bryan Alceus;1
Bryan Cristante;1
Bryan Mbeumo;1
Bryan Zaragoza;1
Bryan-Clovis Ngwabije;1
Brynjólfur Darri Willumsson;1
Bukayo Saka;1
Caio Lucas;4
Caleb Yirenkyi;1
Callum O'Dowda;1
Callum Styles;1
Calvin Bassey;3
Calvin Verdonk;1
Cameron Burgess;1
Camilo Saldaña;3
Camilo Vargas;1
Caoimhin Kelleher;1
Carl Fred Sainté;1
Carlens Arcus;4
Carlos Augusto;1
Carlos Baleba;4
Carlos Cuesta;1
Carlos González;1
Carlos Gruezo;2
Carlos Mora;2
Carlos Richards;1
Carlos Rodríguez;2
Carlos Sejas;1
Carlos Vivas;1
Carlos Zambrano;4
Carmelo Algarañaz;1
Casemiro;4
Cecilio Waterman;1
Cedric Zesiger;2
Cenk Tosun;1
Chad Bertrand;1
Chancel Mbemba;3
Charalampos Charalampous;1
Charles Atipo;1
Charles De Ketelaere;1
Charlie Crew;1
Charyyev Rasul;1
Che Adams;1
Cheng Jin;1
Cherif Ndiaye;1
Cherubin Basse-Zokana;1
Chico Banza;1
Chidozie Awaziem;1
Choco Lozano;2
Chris Mepham;2
Chris Richards;7
Christ Inao Oulaï;2
Christ Makosso;1
Christian Eriksen;1
Christian García;2
Christian Nørgaard;5
Christian Pulišić;2
Christian Reyes;1
Christofer Gonzáles;1
Christoph Baumgartner;3
Christophe Nduwarugira;1
Christopher Attys;2
Christopher Baah;1
Christopher Martins;1
Christopher Wooh;2
Christos Sielis;1
Christos Zafeiris;3
Chun-Lok Tan;1
Chun-Ming Wu;1
Claude Niyomugabo;1
Claudio Kammerknecht;1
Clinton Mata;1
Clésio Baúque;1
Cody Gakpo;1
Collins Sichenje;1
Connor Metcalfe;1
Connor Roberts;1
Conor Bradley;2
Conor Gallagher;1
Conor Hazard;1
Coşqun Diniyev;1
Craig Goodwin;2
Craig Gordon;1
Cristian Cásseres Jr.;7
Cristian Martínez;3
Cristian Romero;4
Cristiano Ronaldo;2
Cristián Cuevas;1
Cyle Larin;1
Cédric Badolo;1
Cédric Bakambu;2
Cédric Hountondji;1
César Huerta;3
César Inga;1
César Montes;7
César Yanis;1
Dahman Dahman;1
Daichi Kamada;1
Dailon Rocha Livramento;1
Daizen Maeda;1
Daley Blind;1
Damion Lowe;2
Damián Bobadilla;1
Dan Bent;2
Dan Biton;1
Dan Burn;1
Dan Ndoye;3
Danel Sinani;6
Dani Carvajal;5
Dani Olmo;2
Dani Vivian;1
Daniel Aparicio;1
Daniel Ballard;2
Daniel Dumbravanu;1
Daniel Håkans;1
Daniel Kuri;1
Daniel Maldini;1
Daniel Muñoz;2
Daniel Phillips;1
Daniel Sakari;1
Daniel Sosah;1
Daniel Svensson;1
Daniels Balodis;2
Daniil Fomin;1
Danijel Šturm;1
Danil Glebov;1
Danil Krugovoy;1
Danilo;1
Danley Jean Jacques;5
Danny Namaso;1
Dante Leverock;1
Dante Sealy;1
Dany Jean;2
Daníel Grétarsson;1
Dario Sits;2
Darko Velkovski;1
Darlin Yongwa;1
Darwin Cerén;1
Darwin Lom;1
Darwin Machís;3
Darwin Núñez;1
Darío Osorio;1
Dastan Satpaev;1
Dauren Zhumat;1
David Alaba;2
David Brekalo;1
David Brooks;2
David Carmo;1
David Hamansenya;1
David Martínez Morales;1
David Ndeunyema;2
David Raum;3
David Raya;1
David Sebit;1
David Simukonda;1
David Zec;1
Davide Frattesi;2
Davinson Sánchez;1
Dayanch Meredov;1
Dayne St. Clair;1
Dayot Upamecano;1
Dean Huijsen;1
Dean Mothe;2
Dechan Moussavou;1
Deiver Machado;2
Dejan Petrovič;1
Deniche Hill;1
Denil Maldonado;1
Denis Bouanga;1
Denis Huseinbašić;2
Denis Onyango;1
Denis Vavro;1
Denis Zakaria;3
Deniss Melniks;1
Deniz Gül;1
Deniz Undav;1
Dennis Hadžikadunić;1
Dennis Man;1
Denzel Dumfries;2
Denzil Smith;1
Deon Hotto;1
Dereck Moncada;1
Derek Cornelius;7
Deroy Duarte;2
Dexter Lembikisa;1
Dhoraso Moreo Klas;2
Dia Mickaël;1
Dickson Job;2
Didier Ndong;2
Diego Arroyo;1
Diego Gómez;2
Diego Lainez;1
Diego Luna;2
Diego Medina;1
Dimitar Mitov;1
Dimitar Mitrovski;1
Dimitri Kogbeto;1
Dimitrios Giannoulis;1
Dimitris Kourbelis;1
Diney Borges;2
Diogo Dalot;1
Diogo Jota;3
Dirk Carlson;1
Divine Lunga;2
Divine Teah;1
Djavan Anderson;1
Djawal Kaiba;1
Djed Spence;1
Djené;1
Djibrilla Kassali Djibo;1
Djigui Diarra;1
Djihad Bizimana;1
Dmitrijs Zelenkovs;1
Dokou Dodo;4
Domagoj Vida;1
Dominic Chanda;1
Dominik Livaković;1
Dominik Szoboszlai;2
Don Fanchette;1
Donald Guesset-Bangagbi;1
Donovan Thompson;1
Donyell Malen;1
Dor Peretz;1
Dor Turgeman;2
Dorgeles Nene;3
Dorian Hanza;1
Driton Camaj;1
Du-jae Won;1
Dudú;1
Duje Ćaleta-Car;4
Duke Abuya;1
Dylan Borge;1
Dylan Bronn;2
Dylan Escobar;1
Dániel Gera;1
Dániel Lukács;1
Dénes Dibusz;1
Désiré Doué;1
Dženis Burnić;3
Ebou Adams;1
Edgar Pujol;1
Edgaras Utkus;1
Edgardo Fariña;2
Edin Džeko;3
Edison Flores;2
Edmond Tapsoba;1
Edo Kayembe;2
Edoardo Colombo;1
Edson Castillo;1
Edson Álvarez;2
Eduard Bello;1
Eduardo Camavinga;6
Eduardo Guerrero;2
Eduardo Vargas;1
Eduards Daskevics;2
Eduards Emsis;1
Edvin Muratović;1
Edvinas Girdvainis;2
Edward Cedeño;1
Efraín Morales;1
Egor Khvalko;2
Ehsan Haddad;1
Ehsan Hajsafi;1
Ehsan Kari;2
Ehsoni Panshanbe;1
Eivind Helland;1
El Fardou Ben;1
El Hadary Ylan;1
Elbasan Rashani;1
Eli Dasa;1
Elias Mokwana;1
Elias Saad;2
Eliel Peretz;3
Eliesse Ben Seghir;1
Elio Capradossi;1
Elisha Owusu;2
Eliya Mandanji;1
Eljif Elmas;1
Elman Tagayev;1
Elseid Hysaj;3
Elvis Chipezeze;1
Elvis Claros;1
Elvis Rexhbeçaj;1
Emanuel Zünd;1
Emerson Mauricio;1
Emil Forsberg;1
Emil Krafth;1
Emil Tsenov;1
Emiliano Martínez;1
Emin Mahmudov;1
Emmanuel Anyama;1
Emmanuel Gono;1
Emmanuel Moungam;1
Emmanuel Vincent;2
Endrick;2
Enes Mahmutović;1
Enis Bardhi;2
Enner Valencia;1
Enock Ssebagala;1
Enrico Pepe;2
Enrique Russell;1
Enzo Boyomo;2
Enzo Fernández;1
Enzo Monteiro;2
Eray Cömert;3
Eric Mbangossoum;1
Erick Japa;2
Erick Noriega;1
Erick Pulgar;6
Erick Wiemberg;1
Erik;1
Erik Janža;3
Erik Lira;3
Erik Piloyan;2
Erkin Tapalov;1
Erling Haaland;1
Ermedin Demirović;4
Ermek Kenzhebaev;1
Ernan;1
Ervin Vaca;1
Erzhan Tokotaev;1
Estêvão;1
Ethan Ampadu;2
Ethan Galbraith;3
Etienne Vaessen;1
Etta Eyong;1
Evan Ferguson;1
Evan Ndicka;1
Evan de Haro;1
Evann Guessand;1
Everardo Rose;1
Evgeniy Morozov;1
Exequiel Palacios;1
Ezequiel Ham;1
Ezri Konsa;1
Fabian Rieder;1
Fabian Schär;1
Fabio Luque Notaro;1
Fabián Hormazábal;2
Fabián Ruiz;2
Fabrizio Peralta;1
Fabrício Bruno;2
Fabrício Garcia;1
Fahad Al-Hajeri;1
Fahamedul Islam;1
Faisal Abdul Bangal;1
Faisal Al-Badri;1
Fali Candé;1
Fanelo Mamba;1
Farhan Mohamed Ahmed;1
Farhan Zulkifi;1
Farid Chaal;1
Farrukh Sayfiev;2
Fawaz Ayedh Al Otaibi;1
Faïz Selemani;1
Federico Gatti;1
Federico Valverde;3
Fedor Lapoukhov;1
Feisal Salum Toto;4
Feliciano Jone Nenê;1
Felipe Loyola;4
Felix Horn Myhre;1
Felix Oberwaditzer;1
Fenohasina Gilles Razafimaro;1
Ferjani Sassi;2
Fernando Domingos;1
Fernando Nava;1
Fernán Faerron;2
Ferran Torres;2
Festy Ebosele;2
Fiacre Ntwari;1
Fidan Aliti;2
Filip Kostić;1
Filippo Berardi;1
Filippo Fabbri;2
Finn Azaz;1
Finn Surman;1
Firas Al-Buraikan;1
Firas Chaouat;1
Firew Getahun;1
Fiston Mayele;2
Fitina Ombolenga;1
Florent Muslija;1
Florian Bohnert;3
Florian Grillitsch;1
Florian Wirtz;4
Florin Niță;1
Florin Tănase;1
Flory Yangao;1
Folarin Balogun;2
Fotis Ioannidis;3
Francesco Pio Esposito;1
Francis De Vries;2
Francisco Calvo;4
Francisco Conceição;2
Franck Kessié;2
Franck Tchaouna;1
Francois Dulysse;1
Franjo Ivanović;1
Frank Magri;1
Frank Onyeka;2
Frankie Beckles;1
Frantzdy Pierrot;1
Freddy Góndola;2
Freddy Vargas;1
Fredy;2
Freybin Pagoada;1
Frédéric Nsabiyumva;1
Fábio Silva;1
Félix Torres;1
Gabadinho Mhango;1
Gabriel Jesus;1
Gabriel Magalhães;3
Gabriel Martinelli;1
Gabriel Oualengbe;1
Gabriel Suazo;7
Gabriel Villamil;2
Gael Akogo Esono;1
Gaius Makouta;1
Gao Tianyi;3
Gaoussou Diakite;1
Gape Mohutsiwa;3
Garry Rodrigues;1
Garven-Michee Metusala;1
Gary Medel;2
Gehmat Al-Habashi;1
George Chokooka;1
George Saville;3
Georges Mikautadze;1
Gerald Díaz;1
German Barkovskiy;1
Germán Pezzella;1
Gervane Kastaneer;2
Gerzino Nyamsi;1
Getsel Montes;1
Ghanam Mohamed;2
Ghanem Al Minhali;1
Giacomo Matteoni;1
Giacomo Valentini;1
Gianluca Lapadula;1
Gianluca Mancini;2
Gianluigi Donnarumma;2
Giannis Konstantelias;1
Giannis Kosti;1
Gilbert Baruti;1
Gilbert Byiringiro;1
Giorgi Kochorashvili;2
Giorgi Kvilitaia;1
Giorgi Tsitaishvili;1
Giorgian de Arrascaeta;1
Giovani Lo Celso;3
Giovanni Reyna;2
Godfried Roemeratoe;1
Godiraone Modingwane;1
Godknows Murwira;1
Goitseone Phoko;1
Gonzalo Montiel;1
Gonzalo Plata;2
Gonzalo Tapia;2
Gonçalo Inácio;1
Graeme Torrilla;1
Granit Xhaka;7
Grant Hanley;1
Gregory Wüthrich;1
Grigoris Kastanos;1
Guessouma Fofana;1
Guido Burgstaller;1
Guillaume Lopez;1
Guillermo Maripán;3
Guillermo Ochoa;1
Guillermo Varela;2
Gulzhigit Alykulov;1
Gunnar Vatnhamar;1
Gurpreet Singh Sandhu;1
Gustaf Lagerbielke;1
Gustav Isaksen;1
Gustavo Gómez;2
Gustavo Puerta;2
Gustavo Sangaré;1
Gustavo Velázquez;3
Guélor Kanga;1
Gvidas Gineitis;2
Gytis Paulauskas;1
Géza Dávid Turi;1
Habib Diarra;3
Habibou Diallo;1
Haimie Nyaring;1
Haji Mnoga;1
Hakan Çalhanoğlu;5
Hakeme Yazid;1
Hamad Abdullah Almeqbaali;1
Hamari Traoré;1
Hamdy Fathy;5
Hamed Hemdan;3
Hanif Hamir;1
Hannibal Mejbri;2
Hans Vanaken;1
Hao Fang;1
Haoyang Xu;1
Harhys Stewart;1
Harib Al-Saadi;2
Harib Suhail;1
Haris Hajradinović;1
Haroun Tchaouna;1
Harry Kane;2
Harry Souttar;1
Harry Wilson;5
Harwan Al Zubaidi;1
Hasan Srour;1
Hassan Altambakti;1
Hassan Hamdan Al-Enezi;1
Hassan Houbeib;1
Haxzel Quirós;1
Heinz Mörschel;1
Heltone Kayembe;1
Henri Anier;1
Henry Romero;1
Herbert Achai;1
Herberth Díaz;1
Herman Johansson;1
Hernesto Caballero;1
Hicham Boudaoui;1
Hilary Mukundane;2
Hin-Ting Lam;1
Hiroki Itō;1
Homam Al-Amin;1
Hossam Abdelmaguid;2
Hossein Kanaani;3
Houssem Aouar;1
Huang Chiu Lin;1
Hugo Gambor;1
Husam Ali Mohammad Abudahab;2
Husniddin Aliqulov;1
Hussein El Zein;3
Hwang In-beom;1
Hyeon-gyu Oh;1
Hákon Rafn Valdimarsson;1
Héctor Cuellar;2
Hélio Varela;1
Ian Fray;2
Ian Garguez;1
Ianis Hagi;2
Iban Salvador;2
Ibrahim Adel;2
Ibrahim Al-Khatal;2
Ibrahim Bayesh;1
Ibrahim Diakité;1
Ibrahim Djingarey;1
Ibrahim Hamad;2
Ibrahim Hesar;1
Ibrahim Matobo;1
Ibrahim Mbaye;1
Ibrahim Sadeh;1
Ibrahim Sangaré;2
Ibrahima Cisse;1
Ibrahima Keita;1
Ibrahima Konaté;2
Ibrahima Sissoko;1
Idan Nachmias;1
Iddrisu Baba;1
Idris Mohamed;1
Idriss Houmed Bilha;1
Idrissa Gana Gueye;1
Ignacio Antonetti;1
Igoh Ogbu;1
Igor Lichnovsky;1
Igor Nikić;1
Il-song Ri;1
Ilmari Niskanen;2
Ilounga Pata;1
Ilya Zabarnyi;1
Immanuel Pherai;1
Imra Raheriniaina;2
Innocent Dlamini;1
Innocent Nshuti;2
Insa Boye;1
Ioan-Calin Revenco;1
Ioannis Kousoulos;1
Ioannis Pittas;3
Irvin Cardona;1
Isaac Hayden;3
Isaac Price;1
Isak Hien;2
Isaï Marselia;1
Ishmael Wadi;1
Isidro Pitta;1
Islam Chesnokov;1
Islam Issa;2
Islambek Kuat;2
Ismael Díaz;1
Ismael Gharbi;2
Ismael Koné;6
Ismael Saibari;1
Ismahila Ouédraogo;1
Ismail Jakobs;1
Ismaël Bennacer;3
Ismaël Boura;1
Isnik Alimi;1
Israel Reyes;1
Issa Diop;1
Issa Kaboré;1
Issa Kane;1
Issam Al-Subhi;2
Issoufou Dayo;2
Ivan Kalyuzhnyi;1
Ivan Perišić;2
Ivan Šunjić;2
Ivar Jenner;1
Ivica Ivušić;1
Iván Piris;1
Iván Román;1
Iyad Mohamed;1
Izwan Mahbud;1
Jack Lahne;1
Jack McGlynn;1
Jack Taylor;2
Jackson Tchatchoua;2
Jacob Mahler;2
Jacob Shaffelburg;2
Jadon Abrams;1
Jae-sung Lee;2
Jaiden Bartolo;1
Jairo Concha;1
Jaka Bijol;1
Jake Grech;1
Jake O'Brien;1
Jakub Kiwior;1
Jakub Moder;1
James Rodríguez;1
Jamie Reid;1
Jaminton Campaz;1
Jan Bednarek;2
Jan Paul van Hecke;2
Jan Vertonghen;1
Jan Ziółkowski;1
Jan-Carlo Simić;1
Jane Thaba-Ntso;1
Jani Atanasov;1
Jannik Vestergaard;3
Janpol Morales;1
Jared Nathan Clark;1
Jaroslav Zelený;1
Jarrad Branthwaite;1
Jasim Al-Shaikh;1
Jason Ferré;1
Jason Geria;2
Jason Knight;2
Jason Thayaparan;2
Javier Jiménez;1
Javier Mum;1
Jawad El Yamiq;1
Jay Idzes;1
Jayden Adams;1
Jayden Nelson;3
Jayson Molumby;3
Jean Carlos López;2
Jean Claude Girumugisha;1
Jean Michaël Seri;1
Jean Pascal Colin;1
Jean-Kévin Duverne;2
Jean-Paul Boëtius;1
Jean-Ricner Bellegarde;3
Jefferson Encada;1
Jefferson Lerma;5
Jefferson Valladares;2
Jehad Thakri;1
Jens Hofer;1
Jens-Lys Cajuste;1
Jerdy Schouten;1
Jere Uronen;1
Jeremy Antonisse;2
Jeremy Sarmiento;1
Jerome Opoku;1
Jesper Karlström;2
Jesús Castillo;1
Jesús Gallardo;4
Jesús Navas;1
Jesús Orozco;2
Jeyland Mitchell;3
Jhon Arias;1
Jhon Córdoba;5
Jhon Durán;5
Jhon Kapaya;1
Jhon Lucumí;1
Jhon Murillo;1
Jhonder Cádiz;1
Jhonny Vidales;1
Jimmy Kaparos;1
Jin-gyu Kim;1
Jo-guk Ri;1
Joachim Andersen;11
Joakim Mæhle;3
Joan Cervós;1
Job Ochieng;1
Jodel Dossou;3
Joe Bell;2
Joe Rodon;1
Joe Scally;2
Joel Campbell;1
Joel Graterol;1
Joel Guillén;1
Joel Latibeaudiere;1
Joel Ordóñez;1
Joel Pohjanpalo;2
Joel Sserunjogi;1
Joel Waterman;5
Joelinton;1
Joey Veerman;1
Johan Mojica;1
Johan Vásquez;3
John Manyang;1
John McGinn;3
John Mercado;1
John Orobulu;1
John Robia;1
John Souttar;1
John Stones;1
John Well Wohale;1
Johnny Cardoso;1
Jon Aramburu;5
Jon Gorenc Stanković;1
Jon Russell;2
Jonah Fabisch;1
Jonas Adjei Adjetey;2
Jonas Wind;1
Jonathan Cantillana;1
Jonathan David;1
Jonathan Franco;1
Jonathan Osorio;1
Jonathan Tah;7
Jordan Ayew;1
Jordan Bos;1
Jordan François;2
Jordan James;3
Jordan Obita;1
Jordan Teze;1
Jordi Amat;1
Jordy Caicedo;1
Jorge Carrascal;1
Jorge Cruz;2
Jorge Gutiérrez;1
Jorge Murrugarra;1
Jorge Sánchez;3
Joris Kayembe;2
Joris Moutachy;1
Jose Hernandez Chavez;1
Josef Martínez;1
Joseph Belmar;1
Joseph Ceesay;2
Joseph Kibonge;1
Joseph Layousse Samb;1
Joseph Malish;2
Joseph Mbong;1
Joseph Mora;1
Joseph Mpande;1
Joseph Paintsil;1
Joseph Rosales;1
Josh Cullen;3
Josh Magennis;1
Joshua Kimmich;2
Josimar Alcócer;1
Josip Stanišić;3
Josua Mejías;1
Josué Casimir;1
Josué Homawoo;1
Josué Tiendrebeogo;2
José Ardón;1
José Cifuentes;1
José Contreras;1
José Córdoba;4
José Fajardo;3
José Luis Rodríguez;2
José Martínez;7
José María Giménez;3
José Morales;2
José Nabil;1
José Pinto;1
José Reyes;1
José Rosales;4
Jovane Cabral;1
Jovani Welch;2
João Cancelo;5
João Félix;2
João Gomes;2
João Neves;2
João Palhinha;5
Joško Gvardiol;3
Ju-sung Kim;1
Juan Cáceres;2
Juan Delgado;1
Juan Fernando Quintero;1
Juan Pablo Vargas;1
Juan Portilla;1
Jude Bellingham;3
Juhani Pikkarainen;1
Julio Sibrián;1
Julián Alvarez;1
Julián Araujo;2
Julián Jose Martinez;1
Julián Quiñones;2
Juljan Shehu;1
Juninho Bacuna;1
Juninho Junior;2
Juninho Mathiot;1
Junior Alonso;3
Junior Arteaga;1
Junior Hoilett;1
Junior Makunike;1
Junior Olaitan;2
Junior Tchamadeu;2
Junnosuke Suzuki;1
Junya Ito;1
Jure Balkovec;1
Jurien Gaari;1
Jurriën Timber;1
Justas Lasickas;1
Justin Devenny;1
Justin Garcia;1
Justin Hubner;2
Jusuf Gazibegović;2
Jóannes Bjartalíð;1
Jóannes Kalsø Danielsen;1
Jóhann Guðmundsson;1
Jón Dagur Þórsteinsson;2
Jørgen Strand Larsen;1
Kaan Ayhan;4
Kaan Kairinen;1
Kabaso Chongo;3
Kabelo Seakanyeng;2
Kael Richards;1
Kaheim Dixon;1
Kai Merk;1
Kai Trewin;1
Kalidou Koulibaly;3
Kamal Miller;1
Kamo Hovhannisyan;1
Kamogelo Sebelebele;2
Kamory Doumbia;1
Kang-in Lee;2
Kaoru Mitoma;1
Karim Adeyemi;4
Karim Boudiaf;1
Karim El Berkaoui;1
Karim El Eraki;2
Karol Mets;1
Karol Świderski;2
Kasey Palmer;1
Kasper Dolberg;1
Kasper Schmeichel;1
Kassim M'Dahoma;1
Kawabe Hayao;1
Keagan Dolly;1
Keanu Baccus;2
Kelve Semedo;1
Kelvin Kampamba;1
Kelvin Kapumbu;1
Kelvin Mwanza;1
Kelzang Jigme;1
Kenan Toibibou;2
Kenan Yıldız;4
Kendry Páez;2
Kennedy Amutenya;1
Kenneth Paal;2
Kenneth Semakula;2
Kenneth Vargas;2
Kenny Rocha Santos;1
Kerem Aktürkoğlu;7
Kerim Alajbegović;1
Kervin Arriaga;3
Kevin Castañeda;1
Kevin Castaño;3
Kevin Danso;1
Kevin De Bruyne;1
Kevin Deeromram;1
Kevin Felida;1
Kevin Lenini;5
Kevin Molino;1
Kevin Quevedo;1
Kevor Palumets;1
Keyns Abdala;1
Keziah Martin;1
Khaled Aldhanhani;1
Khaled Sobhi;1
Khalid Al-Braiki;1
Khalid Aucho;1
Khalid Baba;1
Khalid Muneer;1
Khalil Ayari;1
Khalil Khamis;1
Khanyakwezwe Shabalala;1
Khozhiakbar Alizhonov;1
Khozhimat Erkinov;1
Khuliso Mudau;1
Khulumani Ndamane;1
Kialonda Gaspar;1
Kian Ronan;2
Kieffer Moore;1
Kieran Tierney;1
Kieran Trippier;1
Kim Min-jae;1
Kinito;1
Kirill Pechenin;2
Kitika Jemma;1
Kitso Mangolo;1
Klaus Gjasula;1
Klousseh Agbozo;1
Knowledge Musona;1
Ko Itakura;2
Koketso Majafi;1
Koki Machida;1
Koki Ogawa;2
Konrad Laimer;5
Konstantinos Koulierakis;3
Konstantinos Laifis;2
Konstantinos Mavropanos;1
Kosta Nedeljković;1
Kostas Pileas;2
Kostas Tsimikas;1
Kouame Autonne;1
Kreshnik Hajrizi;1
Kristers Tobers;2
Kristian Dimitrov;1
Kristijan Belić;1
Kristijan Jakić;1
Kristjan Asllani;1
Kristoffer Ajer;1
Krzysztof Piątek;3
Krépin Diatta;2
Kuk Chol Jang;1
Kuk-chol Kang;2
Kurai Musanhi;1
Kurt Shaw;1
Kwakhe Thwala;1
Kwanda Mngonyama;3
Kwasi Sibo;2
Kye Rowles;2
Kye Tam;1
Kyle Walker;1
Kylian Mbappé;4
Kymani Nedd;1
Ladislav Krejčí;3
Lameck Banda;1
Lamine Ba;1
Lamine Camara;1
Lamine Yamal;3
Laros Duarte;1
Lassine Sinayoko;2
Laurent Jans;2
Lautaro Martínez;2
Lawrence Mulenga;1
Lazar Samardžić;1
Lazaros Rota;2
Leandro Bacuna;2
Leandro Barreiro;2
Leandro Paredes;3
Leandro Trossard;1
Lebogang Ditsele;3
Lee Bonis;1
Lee Tae-seok;3
Lehlohonolo Matsau;1
Lejuan Simmons;1
Leo Østigård;1
Leon Avdullahu;1
Leon Bailey;1
Leon Goretzka;1
Leon Jones;1
Leonardo Balerdi;1
Leonardo Zabala;1
Leonidas Stergiou;1
Leopold Querfeld;2
Lev Skvortsov;1
Leverton Pierre;3
Levi Colwill;1
Lewis Ferguson;3
Lewis Koumas;1
Li Lei;1
Liam Cullen;1
Liam Millar;2
Liam Scales;2
Liberato Cacace;2
Lin Liangming;1
Lindo Thembinkosi Mkhonta;3
Lindon Emërllahu;1
Lindsay Rose;1
Lionel Tan;1
Lirim Qamili;1
Lisandro Martínez;1
Liu Haofan;2
Livano Comenencia;1
Lloyd Aaron;1
Logan Costa;3
Logan Jimenez;1
Logi Tomasson;2
Loic Négo;1
Loizos Loizou;1
Lolendo Mansanga;1
Lorenzo Capicchioni;4
Lorenzo Lazzari;1
Louicius Don Deedson;1
Louie Annesley;1
Lovro Majer;1
Loïs Openda;1
Luc De Fougerolles;3
Luca De La Torre;2
Luca Robert Scanlon;1
Lucas Beraldo;1
Lucas Bergvall;1
Lucas Cepeda;1
Lucas Chávez;1
Lucas Digne;3
Lucas Hernández;1
Lucas Macazaga;1
Lucas Moura;1
Lucas Paquetá;5
Lucas Pimenta;3
Luis Advíncula;1
Luis Chávez;3
Luis Díaz;2
Luis Haquín;2
Luis Malagón;1
Luis Palma;1
Luis Romo;2
Luis Santamaría Crisanto;2
Luis Sinisterra;1
Luis Suárez;1
Luka Chalwell;1
Luka Ivanušec;2
Luka Jović;2
Luka Lochoshvili;2
Luka Modrić;3
Luka Sučić;1
Luka Vušković;1
Lukáš Červ;1
Lumbardh Dellova;2
Lyle Foster;2
László Bénes;1
László Kleinheisler;1
Léo Ortiz;1
Léo Pereira;1
Maata Magassa;2
Mabululu;1
Maestro;2
Magamed Uzdenov;1
Mahamadou Doumbia;2
Mahamadou Nagida;1
Mahboob Hanifi;1
Mahdi Al-Humaidan;1
Mahdi Torabi;1
Mahmood Al-Mushaifri;1
Mahmoud Abu Warda;1
Mahmoud Al Aswad;1
Mahmoud Al-Mardi;2
Mahmoud Saber;1
Mahmoud Trézéguet;4
Majid Rashid;1
Maksim Glushenkov;1
Maksim Paskotsi;1
Maksim Petrov;1
Maksim Samorodov;3
Malibongwe Khoza;1
Malick Thiaw;1
Mamadou Sarr;1
Mamadou Sy;1
Manfred Ugalde;4
Manu Koné;5
Manuel Akanji;4
Manuel Baldé;1
Manuel Battistini;1
Manuel Bleda Rodriguez;1
Manuel Ugarte;8
Manzur Okwaro;1
Marc Guéhi;2
Marc Rebés;1
Marcel Ratnik;1
Marcel Ruíz;2
Marcel Sabitzer;3
Marcelino Núñez;3
Marcello Mularoni;1
Marcelo Asumu;1
Marcelo Brozović;4
Marcelo Díaz;1
Marcelo Suárez;1
Marcin Bułka;1
Marco Domínguez;2
Marco Ilaimaharitra;1
Marcos López;5
Marcos Senesi;1
Marcus Meloni;2
Marcus Thuram;1
Marin Petkov;1
Marin Pongračić;1
Mario Lemina;1
Mario Mitaj;2
Mario Pašalić;2
Marius Marin;3
Marko Arnautović;2
Marko Farji;1
Marko Janković;2
Marko Pjaca;1
Marko Regža;1
Marko Simun;1
Marko Stamenić;5
Marko Tuci;2
Markus Poom;1
Marlon Ramírez;1
Marouane Louadni;4
Marouane Sahraoui;1
Martin Baturina;1
Martin Boyle;1
Martin Erlić;1
Martin Georgiev;1
Martin Valjent;1
Martín Krug;1
Martín Távara;1
Marvelous Nakamba;3
Marvin Anieboh;1
Marvin Martins;1
Marvin Omondi;2
Marwan Al Hbeishi;1
Marwan Attia;7
Marwane Saadane;1
Mason Holgate;2
Mateo Chávez;1
Mateo Kovačić;2
Mateo Retegui;1
Matheus Uribe;2
Mathews Banda;1
Mathias Olesen;2
Mathieu Choinière;4
Mathías Olivera;3
Matko Miljevic;1
Mats Wieffer;1
Matt Turner;1
Matteo Ahlinvi;1
Matteo Vitaioli;1
Matteo de Brienne;1
Matthew Freese;1
Matthew Garbett;2
Matthew Guillaumier;1
Matti Peltola;3
Mattias Lamhauge;1
Mattéo Guendouzi;1
Matvey Lukin;1
Matías Catalán;2
Matías Galarza;2
Matías Lazo;1
Matías Rojas;1
Matías Sepúlveda;1
Matías Viña;2
Maung Maung Lwin;1
Mauricio Cerritos;2
Mauricio Isla;2
Mauro Brasil;1
Mauro Zijlstra;1
Max Ebong;1
Max Johnston;1
Max Llovera;1
Maxim De Cuyper;2
Maximilian Mittelstädt;2
Maximilian Wöber;1
Mazen Simbo;1
Mbaye Yaya Ly;2
Mbekezeli Mbokazi;1
Meddie Kagere;1
Medon Berisha;1
Mehdi Al Harrar;1
Mehdi Boudjemaa;1
Mehdi Ghayedi;1
Mehdi Merghem;1
Mehdi Taremi;1
Mekan Saparov;1
Melayro Bogarde;1
Melky Ndokomandji;1
Melvin Doxilly;1
Memphis Depay;3
Merchas Doski;1
Merih Demiral;4
Mert Günok;1
Mert Müldür;2
Merveille Ndockyt;1
Meschak Elia;2
Miambaye Fourdeau;1
Michael Boxall;2
Michael Gregoritsch;1
Michael Hector;1
Michael Ngadeu;1
Michel Termanini;4
Mick Onfia;2
Mick Ossete;1
Mido Gaber;1
Miguel Almirón;2
Miguel Araujo;2
Miguel Borja;1
Miguel Changa Chaiwa;1
Miguel Merentiel;1
Miguel Navarro;4
Miguelito;2
Mihail Caimacov;2
Mihail Stefan;1
Mihály Kata;1
Mikael Anderson;2
Mikael Ellertsson;2
Mike Kibwage;1
Mike Maignan;2
Mikel Merino;1
Mikel Oyarzabal;2
Milad Mohammadi;2
Milan Ristovski;1
Milan Vukotić;1
Milan Škriniar;1
Miles Robinson;2
Miliano Jonathans;1
Milot Rashica;1
Miloš Brnović;1
Miloš Veljković;1
Milson;1
Milutin Osmajić;2
Min-woo Seo;1
Ming-Him Sun;1
Mingiyan Beveev;2
Mirlind Daku;1
Miro Muheim;1
Miro Tenho;3
Mirza Beknazarov;2
Mitchell Duke;1
Moaath Al Dhafiri;1
Moctar El Hacen;1
Modestas Vorobjovas;1
Mohamad Haidar;2
Mohamad Safwan;1
Mohamed Abooja;1
Mohamed Ahmed Osman;1
Mohamed Al-Rasheed;1
Mohamed Ali Ben Romdhane;2
Mohamed Amine Madani;1
Mohamed Amoura;3
Mohamed Bangoura;1
Mohamed Belhadj Mahmoud;1
Mohamed Boulacsout;2
Mohamed Camara;2
Mohamed Chibi;1
Mohamed El-Shenawy;3
Mohamed Elneny;1
Mohamed Hany;2
Mohamed Hussein;1
Mohamed Kanno;3
Mohamed Kasri;1
Mohamed Moufid;2
Mohamed Naceur Almanai;2
Mohamed Omar;1
Mohamed Pape Moctar M'Baye;1
Mohamed Rabie Hrimat;2
Mohamed Saeed Ahmed;4
Mohamed Soumah;2
Mohamed Tijani;3
Mohamed Tougai;1
Mohamed Touré;1
Mohamed Zougrana;2
Mohammad Abu Fani;1
Mohammad Al-Hallaq;1
Mohammad Alsalkhadi;1
Mohammad Daham;1
Mohammad Ghorbani;1
Mohammad Mohebi;3
Mohammed  Anez;1
Mohammed Al Ghafri;1
Mohammed Khalil;1
Mohammed Muntari;1
Mohammed Saleh;1
Mohammednur Nasir;1
Mohannad Abu Taha;2
Mohau Nkota;1
Moise Bombito;4
Moisés Caicedo;9
Moisés Villarroel;1
Mokonzi Katumbwe;1
Montassar Talbi;1
Moon Seon-min;2
Morlaye Sylla;1
Morten Hjulmand;5
Moses Shidolo;1
Moses Simon;2
Mosha Gaolaolwe;1
Mostafa Matar;2
Mostafa Mohamed;1
Mostafa Shobeir;1
Mothusi Johnson;2
Motlomelo Mkwanazi;1
Mouctar Diakhaby;1
Mousa Tamari;1
Moussa Cissé;2
Moussa Kassa Moudou;1
Moustapha Djimet;2
Mpendulo Tfomo;1
Muhamed Tia Asad;1
Muhammed Sanneh;2
Muhannad Eto'o;1
Muharrem Jashari;1
Muhsen Al Ghassani;2
Mukhammejan Seisen;1
Murillo;1
Musab Al Juwayr;1
Mustafa Eskihellaç;1
Mustafa Saadoon;4
Muteb Al-Mufarrij;1
Mxolisi Simiso Manana;2
Myenty Abena;2
Mykola Matvienko;1
Mykola Shaparenko;1
Myles Beerman;1
Márton Dárdai;3
Märten Kuusk;2
Nader Ghandri;1
Nadiem Amiri;1
Nahitan Nández;6
Nahjib Guerra;1
Nahuel Ferraresi;2
Nahuel Molina;3
Nail Umyarov;1
Naimoudine Assane;1
Nanani Infren;1
Nando Pijnaker;1
Naoufel Khacef;1
Narciso Orellana;1
Nasser Al-Dawsari;1
Nasser Al-Rawahi;3
Nasser Khadar;1
Nassim Ahmed;1
Nassor Saadun Hamoud;2
Nathan Aké;1
Nathan Collins;1
Nathan Harriel;1
Nathan Ordaz;1
Nathaniel Atkinson;1
Nathaniel Jalloh;1
Nathaniel Méndez-Laing;1
Nawaf Boushal;2
Nayef Aguerd;2
Nayel Mehssatou;1
Nazirrudin Bin Haji Ismail;1
Nazrul Nazari;1
Naïm Sliti;1
Nduka Junior;1
Neco Williams;2
Nedim Bajrami;2
Neliso Senzo Dlamini;3
Nemanja Maksimović;1
Neo Maema;2
Nestory Irankunda;2
Ngero Kaanjuka Katua;2
Nicholas Mickelson;1
Nicholas Pozo;2
Niclas Eliasson;1
Niclas Füllkrug;1
Nico Elvedi;4
Nico Schlotterbeck;5
Nicola Zalewski;3
Nicolae Stanciu;4
Nicolas Fonseca;2
Nicolas Giacopetti;1
Nicolas Hasler;1
Nicolas Jackson;1
Nicolas Pépé;1
Nicolas Raskin;2
Nicolas Seiwald;1
Nicoli Brathwaite;1
Nicolás González;2
Nicolás Otamendi;3
Nicolás Samayoa;4
Nicolás Tagliafico;4
Nicolás de la Cruz;2
Nicolò Barella;5
Nicolò Fagioli;1
Nicolò Rovella;1
Nicușor Bancu;3
Nihad Mujakić;2
Niilo Mäenpää;1
Nikita Korzun;2
Niko Sigur;2
Nikola Katić;5
Nikola Krstović;1
Nikola Milenković;3
Nikola Vasilj;1
Nikola Vlašić;1
Nikola Šipčić;1
Nikolai Alho;1
Nizar Mahmoud Al-Rashdan;2
Nkosinathi Sibisi;2
Nkosingiphile Shongwe;1
Noa Lang;1
Noeh Hernández;1
Noor Al-Deen Al Rawabdeh;1
Norbert Gyömbér;1
Nouh Mohamed El Abd;1
Nouhou Tolo;4
Nuno Mendes;1
Nuno Tavares;1
Nuraly Alip;2
Nélson Semedo;1
Néstor Giménez;1
Oday Kharoub;2
Odiljon Khamrobekov;1
Odilon Kossounou;1
Odmar Færø;1
Ofir Davidzada;1
Okay Yokuşlu;1
Okocha Rashid;1
Ole Romeny;1
Olebogeng Ramotse;1
Oleg Ocheretko;1
Oleg Reabciuk;1
Oleksandr Zinchenko;2
Oleksiy Gutsulyak;1
Olger Escobar;1
Olimpiu Moruțan;1
Oliver Gerbig;1
Olivier Verdon;1
Ollie Watkins;1
Omaatla Kebatho;2
Omar Abdoul Anziz;1
Omar Al Khoja;1
Omar Alderete;2
Omar Khribin;1
Omar Marmoush;1
Omar Mascarell;1
Ondrej Duda;2
Onyemaechi Bruno;1
Orel Mangala;2
Orgyen Wangchuk Tshering;1
Orion McHugh;1
Orkun Kökçü;6
Orlando Galo;3
Orlando Mosquera;1
Osama Al Shreimy;1
Oscar Castellanos;1
Oskar Pietuszewski;1
Osée Ndombele;2
Otar Kakabadze;1
Otar Kiteishvili;1
Oumar Diakité;1
Oumar Ngom;2
Ousmane Camara;1
Ousmane Dembélé;2
Ousmane Drame;1
Oussama Haddadi;1
Oussama Lamlioui;2
Oussama Tannane;1
Ousseni Badamassi;2
Ousseynou Fall Seck;1
Owen Tembo;1
Ozan Kabak;1
Oğuz Aydın;1
Pablo Ganet;1
Pablo Gavi;1
Paddy McNair;1
Panagiotis Retsos;2
Paolo Guerrero;2
Pap Chol;1
Papa Ndiaga Yade;2
Pape Gueye;4
Papy Kokeleya;2
Parfait Bizoza;1
Parfait Guiagon;1
Parvizdzhon Umarbaev;2
Patiwat Khammai;1
Patrick Agyemang;1
Patrick Andrade;2
Patrick Wimmer;5
Patrick Yazbek;1
Patrik Kristal;1
Patrik Mercado;1
Patrik Schick;2
Pau Babot;1
Paul Mbong;1
Paul Onuachu;1
Paul Smyth;2
Paulius Golubickas;1
Paulo Díaz;2
Paweł Dawidowicz;1
Pedro Altán;1
Pedro Aquino;1
Pedro Bondo;1
Pedro Miguel;1
Pedro Neto;4
Pedro Porro;2
Pedro Vite;2
Peeradol Chamratsamee;1
Pema Zangpo;1
Pepo Santos;2
Petar Stojanović;3
Petar Sučić;3
Peter Chan;2
Peter Pearson;1
Peter Shalulile;1
Philani Thabo Mkhontfo;1
Philip Tarnue;1
Philipp Lienhart;2
Philiso Newman;1
Phillipp Mwene;6
Pico;1
Piero Hincapié;2
Pierre Kalulu;1
Pierre Landry Kaboré;1
Pierre-Emerick Aubameyang;2
Pierre-Emile Højbjerg;6
Pijus Širvys;1
Piotr Zieliński;2
Prince Dube;2
Prince Kwabena Adu;1
Prince Mouandza;1
Promise David;2
Przemysław Frankowski;1
Przemysław Wiśniewski;3
Quinn Sullivan;1
Rado Rabemananjara;2
Radoslav Kirilov;1
Rafael Leão;2
Rafael Romo;1
Rafael Struick;1
Rafael Uzcátegui;1
Rafik Belghali;2
Rahman Dashdamirov;1
Raivis Jurkovskis;1
Rajaei Ayed;3
Rakib Hossain;1
Ralph Priso;1
Ramadan Agab;1
Ramahlwe Mphahlele;1
Ramazan Orazov;1
Rami Rabia;3
Ramil Sheydaev;1
Ramin Rezaeian;1
Ramiro Vaca;3
Ramiz Zerrouki;2
Ramkel James;2
Ramy Bensebaini;4
Ramzi Safouri;1
Ramón Juárez;1
Randal Kolo Muani;3
Randy Nteka;1
Raouf Mroivili;1
Raphael Onyedika;1
Raphinha;3
Rashid Toha;1
Rasmus Kristensen;3
Rasmus Peetson;1
Rasmus Schüller;1
Rayan Aït-Nouri;2
Raymond Tochukwu;1
Raúl Jiménez;2
Reda Hani;1
Redouane Berkane;1
Reggie Lambe;1
Reinildo Mandava;1
Remo Freuler;2
Renat Dadaşov;1
Renato Nhaga;1
Renato Steffen;1
Renato Tapia;1
Renato Veiga;1
Renzo Garcés;2
Reshat Ramadani;1
Rey Manaj;1
Reyniel Perdomo;1
Rhys Norrington-Davies;1
Riaan Hanamub;1
Ricardo Adé;2
Ricardo Rodríguez;1
Riccardo Calafiori;1
Riccardo Orsolini;1
Richard Bazombwa;1
Richard Jensen;1
Richard King;1
Richard Mbulu;1
Richard Ortiz;1
Richard Ríos;2
Richarlison;1
Richie Laryea;6
Ricky Kambuaya;1
Rico Henry;1
Ridgeciano Haps;1
Rigoberto Rivas;1
Riley McGree;1
Rio Cardines;1
Ritsu Doan;2
Riyad Mahrez;2
Rizky Ridho;1
Robert Andrich;6
Robert Ivanov;6
Robert Lewandowski;2
Roberto Carlos Dominguez;1
Roberto Di Maio;1
Roberto Fernández;3
Roberts Ozols;1
Roberts Savaļnieks;2
Roberts Veips;1
Robin Gosens;1
Robin Hranáč;1
Robin Le Normand;8
Robin Lod;1
Robson Matheus;1
Rodolfo Aloko;1
Rodri;3
Rodrigo Aguirre;2
Rodrigo Bentancur;5
Rodrigo De Paul;2
Rodrigo Echeverría;1
Rodrigue Kossi;1
Roger Ibañez;1
Roger Lee;1
Roger Martínez;1
Rogers Torach;1
Romano Schmid;2
Romaric Amoussou;1
Romell Quioto;1
Rommel Bynoe;1
Ronald Araújo;1
Ronaldo Webster;1
Ronwen Williams;1
Rooney Onyango;1
Rosario Latouchent;1
Rosen Bozhinov;1
Rovien Ostiana;1
Ruairi McConville;1
Rubilio Castillo;1
Rubio Rubin;1
Rubén Vargas;2
Rudy Clavel;1
Rudy Muñoz;2
Rudy Varane;1
Ruslan Khailoev;1
Ruslan Litvinov;1
Ruslan Malinovskyi;2
Rustam Ahmadzada;2
Rustam Ashurmatov;1
Ryan Camenzuli;1
Ryan Christie;3
Ryan Manning;3
Ryan Mendes;3
Ryunosuke Sato;1
Rúben Dias;4
Rúben Neves;3
Răzvan Marin;1
Rıdvan Yılmaz;1
Saad Natiq;1
Sabir Bougrine;1
Sadegh Moharrami;1
Sadio Mané;2
Saeid Ezatolahi;2
Safuwan Baharudin;1
Sagiv Jehezkel;1
Sahmkou Camara;1
Saif Jaddour;2
Salaheldin Adil;3
Salih Özcan;4
Salim Jamal Magoola;1
Salomon Tweh;1
Salomón Rondón;1
Sam Adekugbe;1
Samadou Attidjikou;1
Samaké Nzé Bagnama;1
Saman Ghoddos;2
Samer Jondi;1
Samet Akaydın;3
Sami Al Sanea;1
Samkelo Ginindza;1
Sampson Dweh;1
Samuel Essende;1
Samuel Fabrice Brasse;1
Samuel Moutoussamy;3
Samuel Pancotti;1
Samuel Silvera;2
Samuel Sosa;1
Samuel Taban;1
Samy Jr Merheg;2
Sander Berge;1
Sandro Tonali;1
Sandro Trémoulet;1
Sandro Wolfinger;1
Santiago Bueno;1
Santiago Giménez;1
Santiago Mele;1
Santiago van der Putten;1
Santos Ortiz;1
Sapargulyyev Arzuvguly;1
Sarach Yooyen;2
Sardar Azmoun;1
Sarpreet Singh;1
Saud Abdulhamid;3
Saud Al Hoshan;1
Sayed Baqer Mahdy;1
Sayed Dhiya Saeed;1
Saïd Bakari;1
Saúl Coco;1
Saša Lukić;3
Scott McKenna;1
Scott McTominay;3
Sead Kolašinac;3
Sebastian Berhalter;1
Sebastian Walukiewicz;1
Sebastián Cáceres;1
Seid Korać;3
Seifeddine Jaziri;1
Seiya Maikuma;1
Sekhoane Moerane;1
Semi Ajayi;2
Sergey Maliy;1
Sergey Muradyan;1
Sergio Peña;2
Sergio Rochet;1
Sergiu Plătică;1
Serigne Koïté;1
Serikzhan Muzhikov;1
Sessi D'Almeida;2
Seung-Won Jeong;1
Severin Schlegel;1
Seyni Mbaye Ndiaye;1
Shafik Nana Kwikiriza;1
Shah Shahiran;1
Shahrom Samiev;2
Shakhrudin Magomedaliyev;3
Shamammed Khydyrov;1
Shamar Nicholson;1
Shanazar Tirkishov;1
Shangyuan Wang;2
Shao-Chi Fong;1
Shaq Moore;1
Shaquille Riley Pinas;2
Sharif Mukhammad;1
Shawal Anuar;2
Shea Charles;1
Sheddy Barglan;1
Sheikh Sesay;1
Sherel Constancio Floranus;2
Sheriff Sinyan;1
Shiqin Wang;1
Shoja Khalilzadeh;1
Show;1
Sibongakhonkhe Quiton;1
Sidny Lopes Cabral;1
Sifiso Matse;1
Silvan Widmer;7
Simanga Masangane;1
Simon Amin;1
Simon Kjær;1
Simon Lüchinger;1
Simon Msuva;1
Sinoxolo Kwayiba;1
Siphephelo Sithole;3
Siphesihle Mkhize;2
Sipho Mbule;2
Siyabonga Ngezana;3
Slobodan Rubežić;1
Sobhi Al Mabrouk;1
Sofiane Bendebka;1
Sofyan Amrabat;2
Solomon Kvirkvelia;1
Sontje Hansen;1
Soufiane Bayazid;1
Soufiane Rahimi;1
Stanley Nwabali;3
Stefan Aškovski;1
Stefan Gartenmann;1
Stefan Lončar;2
Stefan Mitrović;2
Stefan Posch;7
Stefan Savić;1
Steffen Yeates;1
Stefán Teitur Þórðarson;1
Stephan  De Robillard;1
Stephan El Shaarawy;1
Stephane Keller;1
Stephen Eustaquio;3
Steve Mounié;2
Steven Mensah;1
Steven Moreira;1
Steven Nador;1
Stheven Robles;2
Stjepan Radeljić;1
Stole Dimitrievski;2
Stopira;1
Strahinja Eraković;3
Strahinja Pavlović;2
Sulaiman Abdulghafour;1
Sultan Al-Brake;1
Sultanbek Astanov;1
Suphanan Bureerat;1
Svit Sešlar;1
Sydney Nyiko Mobbie;1
Sylvester Owino;2
Séamus Coleman;2
Taddeo Lwanga;1
Tahnoon Alzaabi;1
Tajon Buchanan;2
Takefusa Kubo;1
Takumi Minamino;2
Tamer Seyam;2
Tamimou Ouorou;1
Tani Oluwaseyi;3
Taras Mykhavko;1
Tarik Muharemović;2
Tariq Kazi;1
Tasos Bakasetas;1
Tawanda Chirewa;1
Tawanda Maswanhise;1
Teboho Mokoena;4
Teddy Teuma;3
Teenage Hadebe;1
Teerasak Poeiphimai;1
Telasco Segovia;3
Telmo Arcanjo;2
Temirlan Anarbekov;1
Terrence Mashego;3
Teva Lossec;1
Thabang Sesinyi;2
Thabiso Kutumela;1
Thalente Mbatha;1
Thani Gharib Al Rushaidi;2
Thatayaone Ditlhokwe;1
Theo Hernández;2
Thiago Almada;1
Thierno Ballo;1
Thomas Galdames;1
Thomas Meunier;2
Thomas Partey;2
Théo Bongonda;1
Tihomir Kostadinov;2
Tijjani Reijnders;2
Tim Kleindienst;1
Timi Max Elšnik;2
Timothy Boulet;1
Timothy Castagne;1
Titas Milašius;1
Tjay De Barr;1
Tomas Galvez;1
Tomas Kalinauskas;1
Tomas de Sousa Moreira;1
Tommaso Zafferani;1
Tommy Iva;1
Tommy Smith;1
Tomás Rincón;1
Tomáš Souček;1
Toni Kroos;2
Tony Ralston;2
Topi Keskinen;1
Toral Bayramov;2
Trai Hume;3
Travis Joseph;1
Trofim Melnichenko;1
Troy Parrott;1
Tsepang Sefali;1
Tsepo Toloane;1
Tshepang Moremi;2
Tsuyoshi Watanabe;2
Tyler Adams;3
Tyler Bindon;4
Tymon Machope;1
Tyrese Fornah;1
Tyrese Spicer;1
Tyron Perret Gentil;1
Tze-Nam Yue;1
Tzu-Ming Huang;1
Tó Carneiro;2
Uche Ikpeazu;2
Unai Simón;2
Uriel Antuna;1
Uğurcan Çakır;3
Vadim Pigas;1
Vahid Selimović;1
Valentin Mihăilă;1
Valentin Paltsev;1
Valeri Gromyko;1
Valeriy Kichin;1
Vanderson;1
Vanja Drkušić;2
Vas Nuñez;1
Vavá Pequeno;2
Veldin Hodža;1
Veljko Birmančević;1
Vicente Pizarro;1
Victor Bogaciuc;1
Victor Froholdt;1
Victor Kristiansen;2
Victor Lekhal;1
Victor Nelsson;2
Victor Osimhen;2
Victor Pálsson;1
Victor Rofino;1
Vidinho;1
Viktor Johansson;1
Vilius Armalas;1
Viljormur Davidsen;1
Ville Koski;1
Vince Fred;1
Vincent Emmanuel;1
Vincent Harper;1
Vincent Sierro;1
Vinícius Júnior;3
Virgil van Dijk;5
Visar Musliu;1
Vitaliy Mykolenko;1
Vitinha;1
Vlad Dragomir;1
Vladislav Baboglo;1
Vladislav Kalinin;1
Vladislavs Gutkovskis;1
Vladyslav Vanat;1
Vlasiy Sinyavskiy;1
Vykintas Slivka;1
Víctor Dávila;3
Vítězslav Jaroš;1
Wai Lin Aung;1
Wajdi Kechrida;1
Waldemar Anton;1
Waldimison;1
Waleed Al Hayam;2
Walid El Karti;1
Walid Shour;1
Walieldin Khidir;1
Wancha Tut;1
Wanchai Jarunongkran;1
Wang Yudong;2
Wang Zhenao;1
Wanre Daikreo;2
Warmed Omari;1
Warren Caddy;1
Warren Madrigal;1
Warren Mellie;1
Warsama Hassan;1
Washington Navaya;1
Wataru Endo;1
Weerathep Pomphan;2
Wei Shihao;1
Wenneng Xie;5
Wesley;1
Weston McKennie;2
Wilder Cartagena;3
Wilfred Ndidi;3
Wilfried Singo;1
Wiliam Damba;1
Wilker Ángel;2
Willi Orbán;2
William Francois;1
William Gama;2
William Saliba;2
William Wilson;1
Willian Pacho;1
Willum Thor Willumsson;1
Willy Semedo;1
Wilson Chisala;1
Witiness Quembo;1
Wojciech Szczęsny;1
Woo-Young Jung;1
Wout Faes;1
Wout Weghorst;1
Woyo Coulibaly;1
Wu Lei;1
Xavi Simons;3
Yac Diori;1
Yahia Nader;1
Yahya Alghassani;1
Yahya Omary Zayd;2
Yaimar Medina;1
Yan Diomande;1
Yan Valery;2
Yan Vorogovskiy;1
Yang Zexiang;2
Yangel Herrera;3
Yannick Semedo;1
Yannis Kari;2
Yarden Shua;2
Yared Baye;1
Yaser Awad Boshara;2
Yasin Ayari;1
Yasser Ibrahim;2
Yassin Marei;1
Yassine Meriah;1
Yaw Annor;1
Yazan Al-Arab;1
Yazgylych Gurbanov;1
Ybraýym Mämmedow;1
Yeferson Soteldo;2
Yehor Yarmoliuk;1
Yerry Mina;1
Yetagesu Tariku;1
Yevgeniy Malashevich;1
Yhlas Toyjanov;1
Ylber Ramadani;2
Yoel Bárcenas;1
Yohan Roche;3
Yomar Rocha;1
Yong Woo Park;2
Yongjing Cao;1
Yordan Osorio;1
Yoshimar Yotún;1
Youcef Atal;1
Youness El Kaabi;1
Young-woo Seol;1
Youri Tielemans;2
Yousef Majed;1
Youssef Amyn;1
Youssef Belammari;1
Youssef Mehri;1
Youssouf Fofana;1
Yu-min Cho;1
Yuanyi Li;1
Yuito Suzuki;1
Yukhym Konoplya;2
Yuki Soma;1
Yukinari Sugawara;2
Yunus Akgün;1
Yussuf Poulsen;1
Yustin Arboleda;3
Yusuf Akçiçek;1
Yusuf Yazıcı;1
Yusuph Kagoma;2
Yves Allarabaye;1
Yves Bissouma;2
Yéremy Pino;1
Zach Muscat;1
Zahi Addis;1
Zaid Ismail;2
Zaid Qunbar;2
Zaid Tahseen;1
Zainou Dine Mohamed;1
Zakaria Draoui;2
Zakhele Lepasa;1
Zeiko Lewis;1
Zeki Çelik;3
Zelimkhan Bakaev;1
Zhang Yuning;3
Zhengyu Huang;1
Zidane Iqbal;1
Zineddine Belaid;1
Zito Luvumbo;1
Ziyad Aljohani;2
Zoir Dzhuraboev;1
Zsolt Nagy;3
Zuriko Davitashvili;1
Zymer Bytyqi;1
Ágúst Orri Thorsteinsson;1
Álvaro Morata;2
Álvaro Zamora;1
Ángelo Preciado;2
Çağlar Söyüncü;1
Éric Davis;1
Éric Izquierdo;1
Éric Vales;1
Ísak Bergmann Jóhannesson;2
Óscar Acevedo;2
Óscar Santis;3
İrfan Can Kahveci;4
İsmail Yüksek;7
Ľubomír Šatka;1
Łukasz Skorupski;1
Žan Celar;1
Žan Karničnik;3
